state_code,state,year,heroin_deaths,other_opioids_deaths,methadone_deaths,other_synthetics_deaths,population,heroin_death_rate,other_opioids_death_rate,methadone_death_rate,other_synthetics_death_rate,prescribing_rate
1,Alabama,1999,0,10,16,10,4430141,0.0,0.2,0.4,0.2,
1,Alabama,2000,0,26,12,11,4447100,0.0,0.6,0.3,0.2,
1,Alabama,2001,0,22,26,0,4467634,0.0,0.5,0.6,0.0,
1,Alabama,2002,0,30,33,0,4480089,0.0,0.7,0.7,0.0,
1,Alabama,2003,0,22,25,0,4503491,0.0,0.5,0.6,0.0,
1,Alabama,2004,0,32,46,12,4530729,0.0,0.7,1.0,0.3,
1,Alabama,2005,0,24,47,11,4569805,0.0,0.5,1.0,0.2,
1,Alabama,2006,0,49,65,22,4628981,0.0,1.1,1.4,0.5,115.6
1,Alabama,2007,0,66,86,21,4672840,0.0,1.4,1.8,0.4,120.3
1,Alabama,2008,0,73,101,19,4718206,0.0,1.5,2.1,0.4,126.1
1,Alabama,2009,12,92,88,31,4757938,0.3,1.9,1.8,0.7,131.6
1,Alabama,2010,0,82,78,34,4779736,0.0,1.7,1.6,0.7,134.3
1,Alabama,2011,14,92,63,19,4802740,0.3,1.9,1.3,0.4,136.6
1,Alabama,2012,35,62,55,16,4822023,0.7,1.3,1.1,0.3,143.8
1,Alabama,2013,40,65,41,30,4833722,0.8,1.3,0.8,0.6,142.4
1,Alabama,2014,122,90,44,47,4849377,2.5,1.9,0.9,1.0,135.2
1,Alabama,2015,111,87,40,70,4858979,2.3,1.8,0.8,1.4,125.0
1,Alabama,2016,126,94,34,157,4863300,2.6,1.9,0.7,3.2,121.0
1,Alabama,2017,125,141,30,198,4874747,2.6,2.9,0.6,4.1,107.2
2,Alaska,1999,0,10,0,0,624779,0.0,1.6,0.0,0.0,
2,Alaska,2000,0,21,0,0,626932,0.0,3.3,0.0,0.0,
2,Alaska,2001,0,0,0,0,633714,0.0,0.0,0.0,0.0,
2,Alaska,2002,0,0,0,0,642337,0.0,0.0,0.0,0.0,
2,Alaska,2003,0,0,0,0,648414,0.0,0.0,0.0,0.0,
2,Alaska,2004,0,0,0,0,659286,0.0,0.0,0.0,0.0,
2,Alaska,2005,0,0,0,0,666946,0.0,0.0,0.0,0.0,
2,Alaska,2006,0,14,11,0,675302,0.0,2.1,1.6,0.0,63.4
2,Alaska,2007,0,0,0,0,680300,0.0,0.0,0.0,0.0,66.6
2,Alaska,2008,0,51,30,13,687455,0.0,7.4,4.4,1.9,68.5
2,Alaska,2009,0,60,21,22,698895,0.0,8.6,3.0,3.1,67.3
2,Alaska,2010,0,38,25,10,710231,0.0,5.4,3.5,1.4,68.4
2,Alaska,2011,12,36,17,0,722718,1.7,5.0,2.4,0.0,68.0
2,Alaska,2012,23,42,10,0,731449,3.1,5.7,1.4,0.0,66.8
2,Alaska,2013,24,38,0,12,735132,3.3,5.2,0.0,1.6,63.7
2,Alaska,2014,25,40,12,14,736732,3.4,5.4,1.6,1.9,62.7
2,Alaska,2015,37,51,10,14,738432,5.0,6.9,1.4,1.9,60.8
2,Alaska,2016,49,45,13,0,741894,6.6,6.1,1.8,0.0,58.9
2,Alaska,2017,36,47,0,37,739795,4.9,6.4,0.0,5.0,52.0
4,Arizona,1999,23,80,20,22,5023823,0.5,1.6,0.4,0.4,
4,Arizona,2000,14,91,14,17,5130632,0.3,1.8,0.3,0.3,
4,Arizona,2001,23,83,28,20,5273477,0.4,1.6,0.5,0.4,
4,Arizona,2002,24,128,57,21,5396255,0.4,2.4,1.1,0.4,
4,Arizona,2003,64,132,71,22,5510364,1.2,2.4,1.3,0.4,
4,Arizona,2004,40,145,65,28,5652404,0.7,2.6,1.1,0.5,
4,Arizona,2005,32,171,87,35,5839077,0.5,2.9,1.5,0.6,
4,Arizona,2006,52,187,88,54,6029141,0.9,3.1,1.5,0.9,74.3
4,Arizona,2007,51,218,81,38,6167681,0.8,3.5,1.3,0.6,77.8
4,Arizona,2008,63,255,89,49,6280362,1.0,4.1,1.4,0.8,80.9
4,Arizona,2009,84,312,105,55,6343154,1.3,4.9,1.7,0.9,84.2
4,Arizona,2010,90,327,106,68,6392017,1.4,5.1,1.7,1.1,88.5
4,Arizona,2011,117,313,55,40,6482505,1.8,4.8,0.8,0.6,88.6
4,Arizona,2012,101,326,50,36,6553255,1.5,5.0,0.8,0.5,85.3
4,Arizona,2013,146,253,64,52,6626624,2.2,3.8,1.0,0.8,80.4
4,Arizona,2014,197,290,62,57,6731484,2.9,4.3,0.9,0.8,79.7
4,Arizona,2015,247,298,75,72,6828065,3.6,4.4,1.1,1.1,75.5
4,Arizona,2016,299,326,75,123,6931071,4.3,4.7,1.1,1.8,70.2
4,Arizona,2017,334,349,83,267,7016270,4.8,5.0,1.2,3.8,61.2
5,Arkansas,1999,0,0,0,0,2651860,0.0,0.0,0.0,0.0,
5,Arkansas,2000,0,0,0,0,2673400,0.0,0.0,0.0,0.0,
5,Arkansas,2001,0,14,0,0,2691571,0.0,0.5,0.0,0.0,
5,Arkansas,2002,0,40,32,24,2705927,0.0,1.5,1.2,0.9,
5,Arkansas,2003,0,50,36,26,2724816,0.0,1.8,1.3,1.0,
5,Arkansas,2004,0,63,50,30,2749686,0.0,2.3,1.8,1.1,
5,Arkansas,2005,0,60,53,26,2781097,0.0,2.2,1.9,0.9,
5,Arkansas,2006,0,68,70,31,2821761,0.0,2.4,2.5,1.1,98.3
5,Arkansas,2007,0,87,63,27,2848650,0.0,3.1,2.2,0.9,108.2
5,Arkansas,2008,0,110,89,43,2874554,0.0,3.8,3.1,1.5,112.1
5,Arkansas,2009,0,124,70,59,2896843,0.0,4.3,2.4,2.0,116.0
5,Arkansas,2010,0,118,56,57,2915918,0.0,4.0,1.9,2.0,120.8
5,Arkansas,2011,0,114,56,29,2937979,0.0,3.9,1.9,1.0,115.2
5,Arkansas,2012,0,118,43,20,2949131,0.0,4.0,1.5,0.7,121.8
5,Arkansas,2013,0,111,42,31,2959373,0.0,3.8,1.4,1.0,120.9
5,Arkansas,2014,0,119,29,32,2966369,0.0,4.0,1.0,1.1,123.2
5,Arkansas,2015,0,144,37,44,2978204,0.0,4.8,1.2,1.5,117.2
5,Arkansas,2016,13,114,32,38,2988248,0.4,3.8,1.1,1.3,114.6
5,Arkansas,2017,15,116,17,68,3004279,0.5,3.9,0.6,2.3,105.4
6,California,1999,468,936,73,87,33499204,1.4,2.8,0.2,0.3,
6,California,2000,330,633,51,68,33871648,1.0,1.9,0.2,0.2,
6,California,2001,220,319,37,31,34479458,0.6,0.9,0.1,0.1,
6,California,2002,361,912,115,117,34871843,1.0,2.6,0.3,0.3,
6,California,2003,351,820,144,119,35253159,1.0,2.3,0.4,0.3,
6,California,2004,286,751,205,140,35574576,0.8,2.1,0.6,0.4,
6,California,2005,251,765,214,123,35827943,0.7,2.1,0.6,0.3,
6,California,2006,274,820,276,154,36021202,0.8,2.3,0.8,0.4,51.0
6,California,2007,291,917,312,138,36250311,0.8,2.5,0.9,0.4,53.6
6,California,2008,325,1082,337,155,36604337,0.9,3.0,0.9,0.4,55.1
6,California,2009,352,1147,426,201,36961229,1.0,3.1,1.2,0.5,55.6
6,California,2010,326,1063,456,205,37253956,0.9,2.9,1.2,0.6,55.8
6,California,2011,364,1167,406,164,37691912,1.0,3.1,1.1,0.4,55.9
6,California,2012,362,965,342,146,38041430,1.0,2.5,0.9,0.4,56.4
6,California,2013,486,1039,343,176,38332521,1.3,2.7,0.9,0.5,54.4
6,California,2014,561,1047,337,194,38802500,1.4,2.7,0.9,0.5,52.7
6,California,2015,593,1019,291,229,39144818,1.5,2.6,0.7,0.6,47.7
6,California,2016,587,955,281,355,39250017,1.5,2.4,0.7,0.9,44.8
6,California,2017,715,973,253,536,39536653,1.8,2.5,0.6,1.4,39.5
8,Colorado,1999,42,42,15,21,4226018,1.0,1.0,0.4,0.5,
8,Colorado,2000,38,57,16,25,4301261,0.9,1.3,0.4,0.6,
8,Colorado,2001,23,93,19,19,4425687,0.5,2.1,0.4,0.4,
8,Colorado,2002,28,69,27,30,4490406,0.6,1.5,0.6,0.7,
8,Colorado,2003,21,74,30,22,4528732,0.5,1.6,0.7,0.5,
8,Colorado,2004,23,80,40,22,4575013,0.5,1.7,0.9,0.5,
8,Colorado,2005,41,105,55,35,4631888,0.9,2.3,1.2,0.8,
8,Colorado,2006,39,123,62,27,4720423,0.8,2.6,1.3,0.6,62.2
8,Colorado,2007,39,185,58,44,4803868,0.8,3.9,1.2,0.9,65.9
8,Colorado,2008,48,176,48,39,4889730,1.0,3.6,1.0,0.8,67.7
8,Colorado,2009,70,170,57,68,4972195,1.4,3.4,1.1,1.4,69.8
8,Colorado,2010,46,135,48,58,5029196,0.9,2.7,1.0,1.2,72.0
8,Colorado,2011,79,198,61,78,5116796,1.5,3.9,1.2,1.5,73.0
8,Colorado,2012,91,223,43,52,5187582,1.8,4.3,0.8,1.0,73.5
8,Colorado,2013,120,221,41,67,5268367,2.3,4.2,0.8,1.3,71.2
8,Colorado,2014,156,259,51,80,5355866,2.9,4.8,1.0,1.5,69.6
8,Colorado,2015,159,259,34,64,5456574,2.9,4.7,0.6,1.2,65.1
8,Colorado,2016,234,212,58,72,5540545,4.2,3.8,1.0,1.3,59.8
8,Colorado,2017,224,254,58,112,5607154,4.0,4.5,1.0,2.0,52.9
9,Connecticut,1999,96,10,13,0,3386401,2.8,0.3,0.4,0.0,
9,Connecticut,2000,110,0,15,0,3405565,3.2,0.0,0.4,0.0,
9,Connecticut,2001,95,17,14,0,3432835,2.8,0.5,0.4,0.0,
9,Connecticut,2002,88,25,24,0,3458749,2.5,0.7,0.7,0.0,
9,Connecticut,2003,109,23,19,0,3484336,3.1,0.7,0.5,0.0,
9,Connecticut,2004,92,30,44,10,3496094,2.6,0.9,1.3,0.3,
9,Connecticut,2005,74,28,35,10,3506956,2.1,0.8,1.0,0.3,
9,Connecticut,2006,87,38,59,11,3517460,2.5,1.1,1.7,0.3,64.7
9,Connecticut,2007,118,33,57,22,3527270,3.3,0.9,1.6,0.6,67.5
9,Connecticut,2008,109,38,47,16,3545579,3.1,1.1,1.3,0.5,68.7
9,Connecticut,2009,99,31,42,20,3561807,2.8,0.9,1.2,0.6,68.1
9,Connecticut,2010,77,41,43,22,3574097,2.2,1.1,1.2,0.6,68.6
9,Connecticut,2011,85,44,32,13,3580709,2.4,1.2,0.9,0.4,69.1
9,Connecticut,2012,98,38,24,15,3590347,2.7,1.1,0.7,0.4,69.3
9,Connecticut,2013,227,144,49,53,3596080,6.3,4.0,1.4,1.5,67.4
9,Connecticut,2014,299,157,50,94,3596677,8.3,4.4,1.4,2.6,66.0
9,Connecticut,2015,390,183,72,211,3590886,10.9,5.1,2.0,5.9,62.3
9,Connecticut,2016,450,206,72,500,3576452,12.6,5.8,2.0,14.0,55.9
9,Connecticut,2017,425,188,95,686,3588184,11.8,5.2,2.6,19.1,48.0
10,Delaware,1999,14,0,0,0,774990,1.8,0.0,0.0,0.0,
10,Delaware,2000,0,0,0,0,783600,0.0,0.0,0.0,0.0,
10,Delaware,2001,0,10,0,0,795699,0.0,1.3,0.0,0.0,
10,Delaware,2002,14,19,0,0,806169,1.7,2.4,0.0,0.0,
10,Delaware,2003,0,11,13,0,818003,0.0,1.3,1.6,0.0,
10,Delaware,2004,0,13,0,0,830803,0.0,1.6,0.0,0.0,
10,Delaware,2005,0,10,0,0,845150,0.0,1.2,0.0,0.0,
10,Delaware,2006,0,13,13,12,859268,0.0,1.5,1.5,1.4,86.6
10,Delaware,2007,10,12,18,0,871749,1.1,1.4,2.1,0.0,92.3
10,Delaware,2008,0,29,18,0,883874,0.0,3.3,2.0,0.0,95.4
10,Delaware,2009,0,41,21,19,891730,0.0,4.6,2.4,2.1,97.5
10,Delaware,2010,16,47,20,14,897934,1.8,5.2,2.2,1.6,101.1
10,Delaware,2011,15,64,23,13,907135,1.7,7.1,2.5,1.4,99.7
10,Delaware,2012,20,37,11,17,917092,2.2,4.0,1.2,1.9,94.0
10,Delaware,2013,39,35,21,22,925749,4.2,3.8,2.3,2.4,92.7
10,Delaware,2014,54,38,24,29,935614,5.8,4.1,2.6,3.1,91.0
10,Delaware,2015,64,36,14,38,945934,6.8,3.8,1.5,4.0,84.4
10,Delaware,2016,56,31,11,79,952065,5.9,3.3,1.2,8.3,79.2
10,Delaware,2017,121,64,15,178,961939,12.6,6.7,1.6,18.5,68.3
11,District of Columbia,1999,19,0,0,0,570213,3.3,0.0,0.0,0.0,
11,District of Columbia,2000,0,0,0,0,572059,0.0,0.0,0.0,0.0,
11,District of Columbia,2001,0,0,0,0,574504,0.0,0.0,0.0,0.0,
11,District of Columbia,2002,0,0,0,0,573158,0.0,0.0,0.0,0.0,
11,District of Columbia,2003,0,0,10,0,568502,0.0,0.0,1.8,0.0,
11,District of Columbia,2004,0,19,0,0,567754,0.0,3.3,0.0,0.0,
11,District of Columbia,2005,0,0,0,0,567136,0.0,0.0,0.0,0.0,
11,District of Columbia,2006,0,14,12,0,570681,0.0,2.5,2.1,0.0,31.7
11,District of Columbia,2007,0,0,0,0,574404,0.0,0.0,0.0,0.0,41.2
11,District of Columbia,2008,0,0,0,0,580236,0.0,0.0,0.0,0.0,34.5
11,District of Columbia,2009,0,0,0,0,592228,0.0,0.0,0.0,0.0,34.4
11,District of Columbia,2010,16,0,0,0,601723,2.7,0.0,0.0,0.0,37.1
11,District of Columbia,2011,23,11,11,0,617996,3.7,1.8,1.8,0.0,39.8
11,District of Columbia,2012,25,13,0,0,632323,4.0,2.1,0.0,0.0,40.3
11,District of Columbia,2013,35,10,0,0,646449,5.4,1.5,0.0,0.0,41.1
11,District of Columbia,2014,37,19,0,13,658893,5.6,2.9,0.0,2.0,40.1
11,District of Columbia,2015,67,21,0,26,672228,10.0,3.1,0.0,3.9,35.7
11,District of Columbia,2016,122,52,21,129,681170,17.9,7.6,3.1,18.9,32.5
11,District of Columbia,2017,127,39,24,182,693972,18.3,5.6,3.5,26.2,28.5
12,Florida,1999,124,156,34,59,15759421,0.8,1.0,0.2,0.4,
12,Florida,2000,170,239,51,84,15982378,1.1,1.5,0.3,0.5,
12,Florida,2001,202,437,128,117,16356966,1.2,2.7,0.8,0.7,
12,Florida,2002,206,405,218,136,16689370,1.2,2.4,1.3,0.8,
12,Florida,2003,205,438,270,175,17004085,1.2,2.6,1.6,1.0,
12,Florida,2004,140,540,434,160,17415318,0.8,3.1,2.5,0.9,
12,Florida,2005,108,496,430,144,17842038,0.6,2.8,2.4,0.8,
12,Florida,2006,87,583,516,131,18166990,0.5,3.2,2.8,0.7,79.7
12,Florida,2007,78,769,568,137,18367842,0.4,4.2,3.1,0.7,82.2
12,Florida,2008,108,858,463,132,18527305,0.6,4.6,2.5,0.7,84.3
12,Florida,2009,96,1011,471,171,18652644,0.5,5.4,2.5,0.9,86.3
12,Florida,2010,51,1169,439,146,18801310,0.3,6.2,2.3,0.8,87.6
12,Florida,2011,62,1062,458,138,19057542,0.3,5.6,2.4,0.7,83.5
12,Florida,2012,101,850,337,162,19317568,0.5,4.4,1.7,0.8,75.9
12,Florida,2013,181,751,271,200,19552860,0.9,3.8,1.4,1.0,73.5
12,Florida,2014,344,697,227,343,19893297,1.7,3.5,1.1,1.7,71.4
12,Florida,2015,567,789,210,610,20271272,2.8,3.9,1.0,3.0,67.1
12,Florida,2016,669,1030,203,1566,20612439,3.2,5.0,1.0,7.6,66.6
12,Florida,2017,707,1133,175,2126,20984400,3.4,5.4,0.8,10.1,60.9
13,Georgia,1999,0,26,14,11,8045965,0.0,0.3,0.2,0.1,
13,Georgia,2000,0,61,16,12,8186453,0.0,0.7,0.2,0.1,
13,Georgia,2001,0,90,41,27,8377038,0.0,1.1,0.5,0.3,
13,Georgia,2002,0,96,50,36,8508256,0.0,1.1,0.6,0.4,
13,Georgia,2003,0,88,71,36,8622793,0.0,1.0,0.8,0.4,
13,Georgia,2004,0,100,95,35,8769252,0.0,1.1,1.1,0.4,
13,Georgia,2005,0,122,123,47,8925922,0.0,1.4,1.4,0.5,
13,Georgia,2006,0,130,137,57,9155813,0.0,1.4,1.5,0.6,79.8
13,Georgia,2007,11,139,168,65,9349988,0.1,1.5,1.8,0.7,82.5
13,Georgia,2008,23,193,138,57,9504843,0.2,2.0,1.5,0.6,86.3
13,Georgia,2009,21,252,165,83,9620846,0.2,2.6,1.7,0.9,88.2
13,Georgia,2010,10,305,150,103,9687653,0.1,3.1,1.5,1.1,90.2
13,Georgia,2011,30,327,141,86,9815210,0.3,3.3,1.4,0.9,88.6
13,Georgia,2012,40,300,161,61,9919945,0.4,3.0,1.6,0.6,89.4
13,Georgia,2013,67,309,110,80,9992167,0.7,3.1,1.1,0.8,86.6
13,Georgia,2014,153,388,124,174,10097343,1.5,3.8,1.2,1.7,83.8
13,Georgia,2015,222,435,115,284,10214860,2.2,4.3,1.1,2.8,79.4
13,Georgia,2016,226,455,115,277,10310371,2.2,4.4,1.1,2.7,77.8
13,Georgia,2017,263,513,83,419,10429379,2.5,4.9,0.8,4.0,70.9
15,Hawaii,1999,0,22,0,0,1210300,0.0,1.8,0.0,0.0,
15,Hawaii,2000,0,23,0,0,1211537,0.0,1.9,0.0,0.0,
15,Hawaii,2001,0,27,0,0,1225948,0.0,2.2,0.0,0.0,
15,Hawaii,2002,0,27,14,0,1239613,0.0,2.2,1.1,0.0,
15,Hawaii,2003,0,25,0,0,1251154,0.0,2.0,0.0,0.0,
15,Hawaii,2004,0,32,16,0,1273569,0.0,2.5,1.3,0.0,
15,Hawaii,2005,0,39,18,0,1292729,0.0,3.0,1.4,0.0,
15,Hawaii,2006,0,30,19,0,1309731,0.0,2.3,1.5,0.0,42.3
15,Hawaii,2007,0,49,20,0,1315675,0.0,3.7,1.5,0.0,44.5
15,Hawaii,2008,0,34,10,0,1332213,0.0,2.6,0.8,0.0,46.6
15,Hawaii,2009,0,35,20,0,1346717,0.0,2.6,1.5,0.0,47.8
15,Hawaii,2010,0,40,14,0,1360301,0.0,2.9,1.0,0.0,50.1
15,Hawaii,2011,0,47,19,0,1374810,0.0,3.4,1.4,0.0,50.1
15,Hawaii,2012,0,35,16,0,1392313,0.0,2.5,1.1,0.0,50.4
15,Hawaii,2013,10,39,17,0,1404054,0.7,2.8,1.2,0.0,49.4
15,Hawaii,2014,12,35,10,0,1419561,0.8,2.5,0.7,0.0,47.7
15,Hawaii,2015,15,37,0,13,1431603,1.0,2.6,0.0,0.9,44.3
15,Hawaii,2016,20,44,15,0,1428557,1.4,3.1,1.1,0.0,41.9
15,Hawaii,2017,10,33,0,0,1427538,0.7,2.3,0.0,0.0,37.0
16,Idaho,1999,0,11,0,0,1275674,0.0,0.9,0.0,0.0,
16,Idaho,2000,0,17,0,0,1293953,0.0,1.3,0.0,0.0,
16,Idaho,2001,0,30,10,0,1319962,0.0,2.3,0.8,0.0,
16,Idaho,2002,0,25,10,0,1340372,0.0,1.9,0.7,0.0,
16,Idaho,2003,0,29,21,0,1363380,0.0,2.1,1.5,0.0,
16,Idaho,2004,0,21,23,0,1391802,0.0,1.5,1.7,0.0,
16,Idaho,2005,0,25,13,0,1428241,0.0,1.8,0.9,0.0,
16,Idaho,2006,0,30,35,0,1468669,0.0,2.0,2.4,0.0,75.6
16,Idaho,2007,0,32,23,10,1505105,0.0,2.1,1.5,0.7,78.8
16,Idaho,2008,0,47,18,0,1534320,0.0,3.1,1.2,0.0,82.7
16,Idaho,2009,0,35,16,11,1554439,0.0,2.3,1.0,0.7,85.2
16,Idaho,2010,0,42,26,14,1567582,0.0,2.7,1.7,0.9,88.6
16,Idaho,2011,0,45,22,0,1584985,0.0,2.8,1.4,0.0,91.4
16,Idaho,2012,0,33,12,11,1595728,0.0,2.1,0.8,0.7,92.0
16,Idaho,2013,0,51,11,14,1612136,0.0,3.2,0.7,0.9,89.2
16,Idaho,2014,11,42,18,13,1634464,0.7,2.6,1.1,0.8,87.4
16,Idaho,2015,16,51,12,16,1654930,1.0,3.1,0.7,1.0,81.9
16,Idaho,2016,25,64,15,20,1683140,1.5,3.8,0.9,1.2,77.6
16,Idaho,2017,23,55,14,22,1716943,1.3,3.2,0.8,1.3,70.3
17,Illinois,1999,30,43,29,25,12359020,0.2,0.3,0.2,0.2,
17,Illinois,2000,35,45,56,24,12419293,0.3,0.4,0.5,0.2,
17,Illinois,2001,37,71,52,34,12488445,0.3,0.6,0.4,0.3,
17,Illinois,2002,48,79,68,40,12525556,0.4,0.6,0.5,0.3,
17,Illinois,2003,20,63,64,32,12556006,0.2,0.5,0.5,0.3,
17,Illinois,2004,36,74,69,38,12589773,0.3,0.6,0.5,0.3,
17,Illinois,2005,49,96,81,59,12609903,0.4,0.8,0.6,0.5,
17,Illinois,2006,63,107,91,375,12643955,0.5,0.8,0.7,3.0,55.6
17,Illinois,2007,63,144,98,101,12695866,0.5,1.1,0.8,0.8,59.2
17,Illinois,2008,107,178,83,83,12747038,0.8,1.4,0.7,0.7,60.2
17,Illinois,2009,116,195,88,111,12796778,0.9,1.5,0.7,0.9,61.0
17,Illinois,2010,150,175,79,115,12830632,1.2,1.4,0.6,0.9,63.1
17,Illinois,2011,168,165,84,86,12869257,1.3,1.3,0.7,0.7,64.3
17,Illinois,2012,269,175,105,84,12875255,2.1,1.4,0.8,0.7,66.1
17,Illinois,2013,583,185,92,87,12882135,4.5,1.4,0.7,0.7,63.7
17,Illinois,2014,711,253,106,127,12880580,5.5,2.0,0.8,1.0,62.3
17,Illinois,2015,844,271,99,278,12859995,6.6,2.1,0.8,2.2,59.1
17,Illinois,2016,1040,378,123,907,12801539,8.1,3.0,1.0,7.1,56.8
17,Illinois,2017,1187,494,155,1251,12802023,9.3,3.9,1.2,9.8,51.1
18,Indiana,1999,0,16,0,0,6044969,0.0,0.3,0.0,0.0,
18,Indiana,2000,0,14,0,12,6080485,0.0,0.2,0.0,0.2,
18,Indiana,2001,0,28,13,12,6127760,0.0,0.5,0.2,0.2,
18,Indiana,2002,0,25,20,0,6155967,0.0,0.4,0.3,0.0,
18,Indiana,2003,0,40,45,26,6196638,0.0,0.6,0.7,0.4,
18,Indiana,2004,0,50,33,25,6233007,0.0,0.8,0.5,0.4,
18,Indiana,2005,15,59,51,26,6278616,0.2,0.9,0.8,0.4,
18,Indiana,2006,0,49,49,48,6332669,0.0,0.8,0.8,0.8,94.3
18,Indiana,2007,18,81,79,51,6379599,0.3,1.3,1.2,0.8,99.7
18,Indiana,2008,56,109,84,54,6424806,0.9,1.7,1.3,0.8,103.3
18,Indiana,2009,63,148,80,64,6459325,1.0,2.3,1.2,1.0,105.6
18,Indiana,2010,56,140,62,49,6483802,0.9,2.2,1.0,0.8,107.1
18,Indiana,2011,68,173,57,40,6516922,1.0,2.7,0.9,0.6,106.7
18,Indiana,2012,114,136,46,43,6537334,1.7,2.1,0.7,0.7,110.5
18,Indiana,2013,160,111,34,34,6570902,2.4,1.7,0.5,0.5,106.3
18,Indiana,2014,173,149,37,83,6596855,2.6,2.3,0.6,1.3,96.7
18,Indiana,2015,240,146,36,120,6619680,3.6,2.2,0.5,1.8,89.1
18,Indiana,2016,297,231,34,304,6633053,4.5,3.5,0.5,4.6,83.9
18,Indiana,2017,327,390,49,649,6666818,4.9,5.8,0.7,9.7,74.2
19,Iowa,1999,0,0,0,0,2917634,0.0,0.0,0.0,0.0,
19,Iowa,2000,0,0,0,0,2926324,0.0,0.0,0.0,0.0,
19,Iowa,2001,0,15,0,0,2931997,0.0,0.5,0.0,0.0,
19,Iowa,2002,0,17,0,10,2934234,0.0,0.6,0.0,0.3,
19,Iowa,2003,0,15,0,12,2941999,0.0,0.5,0.0,0.4,
19,Iowa,2004,0,34,12,13,2953635,0.0,1.2,0.4,0.4,
19,Iowa,2005,0,33,21,0,2964454,0.0,1.1,0.7,0.0,
19,Iowa,2006,0,51,22,16,2982644,0.0,1.7,0.7,0.5,59.3
19,Iowa,2007,0,53,37,18,2999212,0.0,1.8,1.2,0.6,57.1
19,Iowa,2008,10,78,27,25,3016734,0.3,2.6,0.9,0.8,59.1
19,Iowa,2009,0,83,31,35,3032870,0.0,2.7,1.0,1.2,60.4
19,Iowa,2010,0,75,39,43,3046355,0.0,2.5,1.3,1.4,62.3
19,Iowa,2011,14,88,37,29,3062309,0.5,2.9,1.2,0.9,64.0
19,Iowa,2012,14,100,41,36,3074186,0.5,3.3,1.3,1.2,74.1
19,Iowa,2013,31,106,24,32,3090416,1.0,3.4,0.8,1.0,72.2
19,Iowa,2014,37,81,16,29,3107126,1.2,2.6,0.5,0.9,72.3
19,Iowa,2015,45,75,24,44,3123899,1.4,2.4,0.8,1.4,68.6
19,Iowa,2016,47,82,13,58,3134693,1.5,2.6,0.4,1.9,64.0
19,Iowa,2017,61,95,16,92,3145711,1.9,3.0,0.5,2.9,56.4
20,Kansas,1999,0,10,0,0,2678338,0.0,0.4,0.0,0.0,
20,Kansas,2000,0,0,0,0,2688418,0.0,0.0,0.0,0.0,
20,Kansas,2001,0,22,0,11,2702162,0.0,0.8,0.0,0.4,
20,Kansas,2002,0,40,24,18,2713535,0.0,1.5,0.9,0.7,
20,Kansas,2003,0,39,22,0,2723004,0.0,1.4,0.8,0.0,
20,Kansas,2004,0,59,33,22,2734373,0.0,2.2,1.2,0.8,
20,Kansas,2005,0,52,45,17,2745299,0.0,1.9,1.6,0.6,
20,Kansas,2006,0,62,44,19,2762931,0.0,2.2,1.6,0.7,77.5
20,Kansas,2007,0,57,45,19,2783785,0.0,2.0,1.6,0.7,80.6
20,Kansas,2008,0,48,22,18,2808076,0.0,1.7,0.8,0.6,82.7
20,Kansas,2009,11,60,45,35,2832704,0.4,2.1,1.6,1.2,82.8
20,Kansas,2010,0,52,27,18,2853118,0.0,1.8,0.9,0.6,86.1
20,Kansas,2011,0,70,27,23,2871238,0.0,2.4,0.9,0.8,87.8
20,Kansas,2012,16,88,33,44,2885905,0.6,3.0,1.1,1.5,90.3
20,Kansas,2013,12,88,30,37,2893957,0.4,3.0,1.0,1.3,88.7
20,Kansas,2014,19,91,34,39,2904021,0.7,3.1,1.2,1.3,86.5
20,Kansas,2015,21,74,26,36,2911641,0.7,2.5,0.9,1.2,80.5
20,Kansas,2016,32,83,10,27,2907289,1.1,2.9,0.3,0.9,76.9
20,Kansas,2017,25,74,17,32,2913123,0.9,2.5,0.6,1.1,69.8
21,Kentucky,1999,0,35,0,10,4018053,0.0,0.9,0.0,0.2,
21,Kentucky,2000,0,51,28,0,4041769,0.0,1.3,0.7,0.0,
21,Kentucky,2001,0,87,50,19,4068132,0.0,2.1,1.2,0.5,
21,Kentucky,2002,0,81,78,30,4089875,0.0,2.0,1.9,0.7,
21,Kentucky,2003,0,93,128,27,4117170,0.0,2.3,3.1,0.7,
21,Kentucky,2004,0,89,129,32,4146101,0.0,2.1,3.1,0.8,
21,Kentucky,2005,0,128,156,31,4182742,0.0,3.1,3.7,0.7,
21,Kentucky,2006,0,169,170,50,4219239,0.0,4.0,4.0,1.2,122.6
21,Kentucky,2007,0,184,155,37,4256672,0.0,4.3,3.6,0.9,130.8
21,Kentucky,2008,12,229,126,44,4289878,0.3,5.3,2.9,1.0,136.6
21,Kentucky,2009,23,290,92,65,4317074,0.5,6.7,2.1,1.5,135.2
21,Kentucky,2010,37,436,118,53,4339367,0.9,10.0,2.7,1.2,136.5
21,Kentucky,2011,55,469,103,76,4369356,1.3,10.7,2.4,1.7,137.0
21,Kentucky,2012,143,391,79,70,4380415,3.3,8.9,1.8,1.6,127.9
21,Kentucky,2013,215,349,70,76,4395295,4.9,7.9,1.6,1.7,111.7
21,Kentucky,2014,228,344,59,179,4413457,5.2,7.8,1.3,4.1,110.0
21,Kentucky,2015,310,382,60,323,4425092,7.0,8.6,1.4,7.3,102.6
21,Kentucky,2016,311,403,48,465,4436974,7.0,9.1,1.1,10.5,97.2
21,Kentucky,2017,269,399,49,780,4454189,6.0,9.0,1.1,17.5,86.8
22,Louisiana,1999,0,10,0,0,4460811,0.0,0.2,0.0,0.0,
22,Louisiana,2000,0,24,0,0,4468976,0.0,0.5,0.0,0.0,
22,Louisiana,2001,0,44,21,0,4477875,0.0,1.0,0.5,0.0,
22,Louisiana,2002,0,39,41,0,4497267,0.0,0.9,0.9,0.0,
22,Louisiana,2003,0,52,54,0,4521042,0.0,1.2,1.2,0.0,
22,Louisiana,2004,0,55,70,13,4552238,0.0,1.2,1.5,0.3,
22,Louisiana,2005,0,54,101,0,4576628,0.0,1.2,2.2,0.0,
22,Louisiana,2006,14,61,117,14,4302665,0.3,1.4,2.7,0.3,109.2
22,Louisiana,2007,0,88,106,21,4375581,0.0,2.0,2.4,0.5,110.1
22,Louisiana,2008,14,59,47,10,4435586,0.3,1.3,1.1,0.2,113.7
22,Louisiana,2009,11,57,19,16,4491648,0.2,1.3,0.4,0.4,113.0
22,Louisiana,2010,14,68,18,21,4533372,0.3,1.5,0.4,0.5,112.6
22,Louisiana,2011,17,58,14,20,4574836,0.4,1.3,0.3,0.4,111.7
22,Louisiana,2012,51,75,26,19,4601893,1.1,1.6,0.6,0.4,113.0
22,Louisiana,2013,121,86,20,26,4625470,2.6,1.9,0.4,0.6,112.4
22,Louisiana,2014,107,93,20,29,4649676,2.3,2.0,0.4,0.6,108.9
22,Louisiana,2015,126,108,16,38,4670724,2.7,2.3,0.3,0.8,100.4
22,Louisiana,2016,149,111,16,89,4681666,3.2,2.4,0.3,1.9,98.1
22,Louisiana,2017,162,161,10,156,4684333,3.5,3.4,0.2,3.3,89.5
23,Maine,1999,0,0,0,0,1266808,0.0,0.0,0.0,0.0,
23,Maine,2000,0,0,20,0,1274923,0.0,0.0,1.6,0.0,
23,Maine,2001,0,19,13,0,1285692,0.0,1.5,1.0,0.0,
23,Maine,2002,0,25,43,12,1295960,0.0,1.9,3.3,0.9,
23,Maine,2003,0,29,36,11,1306513,0.0,2.2,2.8,0.8,
23,Maine,2004,0,27,55,0,1313688,0.0,2.1,4.2,0.0,
23,Maine,2005,0,37,61,0,1318787,0.0,2.8,4.6,0.0,
23,Maine,2006,0,41,47,0,1323619,0.0,3.1,3.6,0.0,83.6
23,Maine,2007,0,53,45,0,1327040,0.0,4.0,3.4,0.0,85.4
23,Maine,2008,0,46,50,15,1330509,0.0,3.5,3.8,1.1,88.7
23,Maine,2009,0,75,40,16,1329590,0.0,5.6,3.0,1.2,87.9
23,Maine,2010,0,52,36,21,1328361,0.0,3.9,2.7,1.6,92.8
23,Maine,2011,0,40,32,19,1328188,0.0,3.0,2.4,1.4,93.1
23,Maine,2012,12,61,25,15,1329192,0.9,4.6,1.9,1.1,89.7
23,Maine,2013,16,64,34,23,1328302,1.2,4.8,2.6,1.7,85.9
23,Maine,2014,38,80,29,62,1330089,2.9,6.0,2.2,4.7,82.4
23,Maine,2015,52,102,36,116,1329328,3.9,7.7,2.7,8.7,76.5
23,Maine,2016,55,132,37,199,1331479,4.1,9.9,2.8,14.9,66.9
23,Maine,2017,76,75,30,278,1335907,5.7,5.6,2.2,20.8,55.7
24,Maryland,1999,0,0,0,0,5254509,0.0,0.0,0.0,0.0,
24,Maryland,2000,0,20,18,0,5296486,0.0,0.4,0.3,0.0,
24,Maryland,2001,0,22,20,0,5374691,0.0,0.4,0.4,0.0,
24,Maryland,2002,27,25,24,0,5440389,0.5,0.5,0.4,0.0,
24,Maryland,2003,29,26,40,11,5496269,0.5,0.5,0.7,0.2,
24,Maryland,2004,75,76,96,16,5546935,1.4,1.4,1.7,0.3,
24,Maryland,2005,79,90,145,21,5592379,1.4,1.6,2.6,0.4,
24,Maryland,2006,111,109,178,53,5627367,2.0,1.9,3.2,0.9,60.1
24,Maryland,2007,129,132,201,35,5653408,2.3,2.3,3.6,0.6,63.3
24,Maryland,2008,105,173,154,35,5684965,1.8,3.0,2.7,0.6,65.5
24,Maryland,2009,156,192,136,52,5730388,2.7,3.4,2.4,0.9,66.9
24,Maryland,2010,94,205,172,51,5773552,1.6,3.6,3.0,0.9,71.2
24,Maryland,2011,103,238,167,56,5828289,1.8,4.1,2.9,1.0,72.9
24,Maryland,2012,173,258,170,52,5884563,2.9,4.4,2.9,0.9,72.2
24,Maryland,2013,217,304,138,93,5928814,3.7,5.1,2.3,1.6,69.0
24,Maryland,2014,313,388,153,230,5976407,5.2,6.5,2.6,3.8,67.6
24,Maryland,2015,405,398,182,357,6006401,6.7,6.6,3.0,5.9,63.0
24,Maryland,2016,650,666,197,1091,6016447,10.8,11.1,3.3,18.1,58.7
24,Maryland,2017,522,524,241,1542,6052177,8.6,8.7,4.0,25.5,51.7
25,Massachusetts,1999,17,30,10,10,6317345,0.3,0.5,0.2,0.2,
25,Massachusetts,2000,0,30,0,16,6349097,0.0,0.5,0.0,0.3,
25,Massachusetts,2001,18,69,23,11,6397634,0.3,1.1,0.4,0.2,
25,Massachusetts,2002,17,75,24,21,6417206,0.3,1.2,0.4,0.3,
25,Massachusetts,2003,23,88,36,26,6422565,0.4,1.4,0.6,0.4,
25,Massachusetts,2004,14,65,58,34,6412281,0.2,1.0,0.9,0.5,
25,Massachusetts,2005,20,90,93,38,6403290,0.3,1.4,1.5,0.6,
25,Massachusetts,2006,37,153,148,88,6410084,0.6,2.4,2.3,1.4,66.0
25,Massachusetts,2007,68,170,125,74,6431559,1.1,2.6,1.9,1.2,68.2
25,Massachusetts,2008,58,141,80,54,6468967,0.9,2.2,1.2,0.8,69.2
25,Massachusetts,2009,61,153,116,63,6517613,0.9,2.3,1.8,1.0,68.9
25,Massachusetts,2010,68,170,83,68,6547629,1.0,2.6,1.3,1.0,67.9
25,Massachusetts,2011,144,168,68,64,6587536,2.2,2.6,1.0,1.0,65.9
25,Massachusetts,2012,246,171,86,67,6646144,3.7,2.6,1.3,1.0,65.7
25,Massachusetts,2013,288,179,94,98,6692824,4.3,2.7,1.4,1.5,63.0
25,Massachusetts,2014,469,178,88,453,6745408,7.0,2.6,1.3,6.7,59.6
25,Massachusetts,2015,634,225,82,949,6794422,9.3,3.3,1.2,14.0,54.0
25,Massachusetts,2016,630,267,95,1550,6811779,9.2,3.9,1.4,22.8,47.1
25,Massachusetts,2017,466,254,79,1649,6859819,6.8,3.7,1.2,24.0,40.1
26,Michigan,1999,39,35,12,20,9897116,0.4,0.4,0.1,0.2,
26,Michigan,2000,87,45,14,17,9938444,0.9,0.5,0.1,0.2,
26,Michigan,2001,80,62,15,17,9991120,0.8,0.6,0.2,0.2,
26,Michigan,2002,65,83,43,41,10015710,0.6,0.8,0.4,0.4,
26,Michigan,2003,70,80,50,34,10041152,0.7,0.8,0.5,0.3,
26,Michigan,2004,94,104,97,48,10055315,0.9,1.0,1.0,0.5,
26,Michigan,2005,151,151,126,88,10051137,1.5,1.5,1.3,0.9,
26,Michigan,2006,149,169,148,199,10036081,1.5,1.7,1.5,2.0,80.2
26,Michigan,2007,114,182,153,71,10001284,1.1,1.8,1.5,0.7,85.6
26,Michigan,2008,216,222,150,73,9946889,2.2,2.2,1.5,0.7,89.9
26,Michigan,2009,250,212,179,93,9901591,2.5,2.1,1.8,0.9,91.6
26,Michigan,2010,215,244,158,85,9883640,2.2,2.5,1.6,0.9,96.0
26,Michigan,2011,267,221,147,89,9876187,2.7,2.2,1.5,0.9,98.8
26,Michigan,2012,263,274,130,72,9883360,2.7,2.8,1.3,0.7,100.7
26,Michigan,2013,421,283,163,86,9895622,4.3,2.9,1.6,0.9,98.9
26,Michigan,2014,525,328,146,178,9909877,5.3,3.3,1.5,1.8,98.0
26,Michigan,2015,646,380,171,457,9922576,6.5,3.8,1.7,4.6,90.5
26,Michigan,2016,727,560,149,921,9928300,7.3,5.6,1.5,9.3,84.9
26,Michigan,2017,783,510,148,1368,9962311,7.9,5.1,1.5,13.7,74.2
27,Minnesota,1999,0,20,11,0,4873481,0.0,0.4,0.2,0.0,
27,Minnesota,2000,0,14,0,0,4919479,0.0,0.3,0.0,0.0,
27,Minnesota,2001,0,41,12,12,4982796,0.0,0.8,0.2,0.2,
27,Minnesota,2002,0,41,16,0,5018935,0.0,0.8,0.3,0.0,
27,Minnesota,2003,0,40,25,16,5053572,0.0,0.8,0.5,0.3,
27,Minnesota,2004,0,64,33,17,5087713,0.0,1.3,0.6,0.3,
27,Minnesota,2005,0,62,35,19,5119598,0.0,1.2,0.7,0.4,
27,Minnesota,2006,0,55,53,28,5163555,0.0,1.1,1.0,0.5,50.3
27,Minnesota,2007,0,81,55,25,5207203,0.0,1.6,1.1,0.5,53.7
27,Minnesota,2008,0,90,60,32,5247018,0.0,1.7,1.1,0.6,56.5
27,Minnesota,2009,16,110,78,39,5281203,0.3,2.1,1.5,0.7,58.6
27,Minnesota,2010,16,100,62,37,5303925,0.3,1.9,1.2,0.7,59.0
27,Minnesota,2011,44,100,58,31,5344861,0.8,1.9,1.1,0.6,60.0
27,Minnesota,2012,46,108,67,40,5379139,0.9,2.0,1.2,0.7,60.9
27,Minnesota,2013,92,111,76,33,5420380,1.7,2.0,1.4,0.6,58.3
27,Minnesota,2014,100,102,81,44,5457173,1.8,1.9,1.5,0.8,56.6
27,Minnesota,2015,115,125,55,55,5489594,2.1,2.3,1.0,1.0,52.1
27,Minnesota,2016,149,137,67,99,5519952,2.7,2.5,1.2,1.8,46.9
27,Minnesota,2017,111,150,50,184,5576606,2.0,2.7,0.9,3.3,41.0
28,Mississippi,1999,0,0,0,0,2828408,0.0,0.0,0.0,0.0,
28,Mississippi,2000,0,0,0,0,2844658,0.0,0.0,0.0,0.0,
28,Mississippi,2001,0,15,0,0,2852994,0.0,0.5,0.0,0.0,
28,Mississippi,2002,0,16,0,0,2858681,0.0,0.6,0.0,0.0,
28,Mississippi,2003,0,12,12,0,2868312,0.0,0.4,0.4,0.0,
28,Mississippi,2004,0,16,0,0,2889010,0.0,0.6,0.0,0.0,
28,Mississippi,2005,0,15,23,0,2905943,0.0,0.5,0.8,0.0,
28,Mississippi,2006,0,27,22,11,2904978,0.0,0.9,0.8,0.4,102.7
28,Mississippi,2007,0,45,31,22,2928350,0.0,1.5,1.1,0.8,109.9
28,Mississippi,2008,0,58,15,34,2947806,0.0,2.0,0.5,1.2,113.2
28,Mississippi,2009,0,44,18,31,2958774,0.0,1.5,0.6,1.0,117.3
28,Mississippi,2010,0,53,21,25,2967297,0.0,1.8,0.7,0.8,118.1
28,Mississippi,2011,0,48,14,18,2978512,0.0,1.6,0.5,0.6,117.2
28,Mississippi,2012,0,61,22,20,2984926,0.0,2.0,0.7,0.7,121.8
28,Mississippi,2013,10,55,12,24,2991207,0.3,1.8,0.4,0.8,119.6
28,Mississippi,2014,23,63,0,24,2994079,0.8,2.1,0.0,0.8,116.3
28,Mississippi,2015,38,73,12,35,2992333,1.3,2.4,0.4,1.2,110.9
28,Mississippi,2016,33,97,0,45,2988726,1.1,3.2,0.0,1.5,105.6
28,Mississippi,2017,34,89,0,81,2984100,1.1,3.0,0.0,2.7,92.9
29,Missouri,1999,48,20,16,18,5561948,0.9,0.4,0.3,0.3,
29,Missouri,2000,48,50,14,27,5595211,0.9,0.9,0.3,0.5,
29,Missouri,2001,24,53,19,36,5641142,0.4,0.9,0.3,0.6,
29,Missouri,2002,53,80,24,30,5674825,0.9,1.4,0.4,0.5,
29,Missouri,2003,42,140,69,33,5709403,0.7,2.5,1.2,0.6,
29,Missouri,2004,57,132,41,47,5747741,1.0,2.3,0.7,0.8,
29,Missouri,2005,52,139,85,47,5790300,0.9,2.4,1.5,0.8,
29,Missouri,2006,61,151,88,140,5842704,1.0,2.6,1.5,2.4,80.5
29,Missouri,2007,67,172,89,70,5887612,1.1,2.9,1.5,1.2,84.3
29,Missouri,2008,120,224,89,55,5923916,2.0,3.8,1.5,0.9,86.8
29,Missouri,2009,162,189,80,67,5961088,2.7,3.2,1.3,1.1,88.5
29,Missouri,2010,183,248,78,92,5988927,3.1,4.1,1.3,1.5,91.0
29,Missouri,2011,250,222,73,66,6010688,4.2,3.7,1.2,1.1,91.6
29,Missouri,2012,210,203,62,56,6021988,3.5,3.4,1.0,0.9,95.4
29,Missouri,2013,261,237,54,97,6044171,4.3,3.9,0.9,1.6,93.3
29,Missouri,2014,334,237,53,109,6063589,5.5,3.9,0.9,1.8,90.7
29,Missouri,2015,303,237,62,183,6083672,5.0,3.9,1.0,3.0,84.5
29,Missouri,2016,380,231,41,441,6093000,6.2,3.8,0.7,7.2,80.4
29,Missouri,2017,299,226,32,618,6113532,4.9,3.7,0.5,10.1,71.8
30,Montana,1999,0,0,0,0,897507,0.0,0.0,0.0,0.0,
30,Montana,2000,0,0,0,0,902195,0.0,0.0,0.0,0.0,
30,Montana,2001,0,15,0,0,906961,0.0,1.7,0.0,0.0,
30,Montana,2002,0,0,10,0,911667,0.0,0.0,1.1,0.0,
30,Montana,2003,0,16,24,0,919630,0.0,1.7,2.6,0.0,
30,Montana,2004,0,14,21,0,930009,0.0,1.5,2.3,0.0,
30,Montana,2005,0,19,15,0,940102,0.0,2.0,1.6,0.0,
30,Montana,2006,0,12,27,0,952692,0.0,1.3,2.8,0.0,79.1
30,Montana,2007,0,25,27,0,964706,0.0,2.6,2.8,0.0,81.1
30,Montana,2008,0,27,26,16,976415,0.0,2.8,2.7,1.6,85.3
30,Montana,2009,0,42,37,21,983982,0.0,4.3,3.8,2.1,85.8
30,Montana,2010,0,33,12,10,989415,0.0,3.3,1.2,1.0,87.2
30,Montana,2011,0,32,20,14,998199,0.0,3.2,2.0,1.4,85.3
30,Montana,2012,0,25,13,13,1005141,0.0,2.5,1.3,1.3,87.7
30,Montana,2013,0,43,14,0,1015165,0.0,4.2,1.4,0.0,84.2
30,Montana,2014,0,22,16,14,1023579,0.0,2.1,1.6,1.4,80.1
30,Montana,2015,0,26,0,0,1032949,0.0,2.5,0.0,0.0,73.3
30,Montana,2016,0,12,0,14,1042520,0.0,1.2,0.0,1.3,69.8
30,Montana,2017,0,22,0,0,1050493,0.0,2.1,0.0,0.0,61.1
31,Nebraska,1999,0,0,0,0,1704764,0.0,0.0,0.0,0.0,
31,Nebraska,2000,0,0,0,0,1711263,0.0,0.0,0.0,0.0,
31,Nebraska,2001,0,16,0,10,1719836,0.0,0.9,0.0,0.6,
31,Nebraska,2002,0,11,0,0,1728292,0.0,0.6,0.0,0.0,
31,Nebraska,2003,0,11,0,0,1738643,0.0,0.6,0.0,0.0,
31,Nebraska,2004,0,20,0,0,1749370,0.0,1.1,0.0,0.0,
31,Nebraska,2005,0,25,12,0,1761497,0.0,1.4,0.7,0.0,
31,Nebraska,2006,0,18,10,0,1772693,0.0,1.0,0.6,0.0,64.3
31,Nebraska,2007,0,23,13,0,1783440,0.0,1.3,0.7,0.0,65.1
31,Nebraska,2008,0,14,10,0,1796378,0.0,0.8,0.6,0.0,66.2
31,Nebraska,2009,0,35,19,11,1812683,0.0,1.9,1.0,0.6,66.4
31,Nebraska,2010,0,33,14,21,1826341,0.0,1.8,0.8,1.1,69.0
31,Nebraska,2011,0,33,18,0,1842641,0.0,1.8,1.0,0.0,68.8
31,Nebraska,2012,0,27,22,10,1855525,0.0,1.5,1.2,0.5,73.2
31,Nebraska,2013,0,33,0,0,1868516,0.0,1.8,0.0,0.0,71.3
31,Nebraska,2014,0,30,0,13,1881503,0.0,1.6,0.0,0.7,70.1
31,Nebraska,2015,0,30,12,13,1896190,0.0,1.6,0.6,0.7,65.5
31,Nebraska,2016,0,22,0,13,1907116,0.0,1.2,0.0,0.7,62.8
31,Nebraska,2017,0,32,0,25,1920076,0.0,1.7,0.0,1.3,56.6
32,Nevada,1999,43,80,18,21,1934718,2.2,4.1,0.9,1.1,
32,Nevada,2000,39,98,24,15,1998257,2.0,4.9,1.2,0.8,
32,Nevada,2001,24,87,47,20,2098399,1.1,4.1,2.2,1.0,
32,Nevada,2002,39,92,50,23,2173791,1.8,4.2,2.3,1.1,
32,Nevada,2003,36,111,50,17,2248850,1.6,4.9,2.2,0.8,
32,Nevada,2004,27,94,86,23,2346222,1.2,4.0,3.7,1.0,
32,Nevada,2005,46,153,93,29,2432143,1.9,6.3,3.8,1.2,
32,Nevada,2006,36,174,108,27,2522658,1.4,6.9,4.3,1.1,87.7
32,Nevada,2007,42,187,124,23,2601072,1.6,7.2,4.8,0.9,90.2
32,Nevada,2008,31,214,112,27,2653630,1.2,8.1,4.2,1.0,97.0
32,Nevada,2009,22,256,126,42,2684665,0.8,9.5,4.7,1.6,94.0
32,Nevada,2010,19,300,99,39,2700551,0.7,11.1,3.7,1.4,97.3
32,Nevada,2011,40,302,96,45,2723322,1.5,11.1,3.5,1.7,100.3
32,Nevada,2012,45,305,71,27,2758931,1.6,11.1,2.6,1.0,98.9
32,Nevada,2013,48,242,70,26,2790136,1.7,8.7,2.5,0.9,91.1
32,Nevada,2014,64,224,64,32,2839099,2.3,7.9,2.3,1.1,90.1
32,Nevada,2015,82,259,57,32,2890845,2.8,9.0,2.0,1.1,85.4
32,Nevada,2016,86,235,53,53,2940058,2.9,8.0,1.8,1.8,80.7
32,Nevada,2017,94,239,46,66,2998039,3.1,8.0,1.5,2.2,73.0
33,New Hampshire,1999,0,17,0,0,1222014,0.0,1.4,0.0,0.0,
33,New Hampshire,2000,0,0,0,0,1235786,0.0,0.0,0.0,0.0,
33,New Hampshire,2001,0,18,12,0,1255517,0.0,1.4,1.0,0.0,
33,New Hampshire,2002,0,17,33,0,1269089,0.0,1.3,2.6,0.0,
33,New Hampshire,2003,0,22,36,11,1279840,0.0,1.7,2.8,0.9,
33,New Hampshire,2004,0,28,29,0,1290121,0.0,2.2,2.2,0.0,
33,New Hampshire,2005,0,23,51,11,1298492,0.0,1.8,3.9,0.8,
33,New Hampshire,2006,0,37,43,14,1308389,0.0,2.8,3.3,1.1,75.0
33,New Hampshire,2007,0,54,65,16,1312540,0.0,4.1,5.0,1.2,78.5
33,New Hampshire,2008,11,48,21,14,1315906,0.8,3.6,1.6,1.1,81.7
33,New Hampshire,2009,24,45,45,22,1316102,1.8,3.4,3.4,1.7,81.5
33,New Hampshire,2010,13,61,31,22,1316470,1.0,4.6,2.4,1.7,81.6
33,New Hampshire,2011,42,65,31,27,1318194,3.2,4.9,2.4,2.0,80.9
33,New Hampshire,2012,39,56,27,24,1320718,3.0,4.2,2.0,1.8,83.7
33,New Hampshire,2013,67,62,14,30,1323459,5.1,4.7,1.1,2.3,82.0
33,New Hampshire,2014,98,81,29,151,1326813,7.4,6.1,2.2,11.4,79.6
33,New Hampshire,2015,78,63,25,285,1330608,5.9,4.7,1.9,21.4,74.8
33,New Hampshire,2016,34,69,29,363,1334795,2.5,5.2,2.2,27.2,64.3
33,New Hampshire,2017,28,51,15,374,1342795,2.1,3.8,1.1,27.9,52.8
34,New Jersey,1999,207,94,26,23,8359592,2.5,1.1,0.3,0.3,
34,New Jersey,2000,206,77,17,19,8414350,2.4,0.9,0.2,0.2,
34,New Jersey,2001,196,93,27,33,8492671,2.3,1.1,0.3,0.4,
34,New Jersey,2002,239,95,48,29,8552643,2.8,1.1,0.6,0.3,
34,New Jersey,2003,214,114,54,29,8601402,2.5,1.3,0.6,0.3,
34,New Jersey,2004,118,88,50,23,8634561,1.4,1.0,0.6,0.3,
34,New Jersey,2005,168,126,77,25,8651974,1.9,1.5,0.9,0.3,
34,New Jersey,2006,106,140,72,38,8661679,1.2,1.6,0.8,0.4,54.7
34,New Jersey,2007,103,134,78,33,8677885,1.2,1.5,0.9,0.4,57.2
34,New Jersey,2008,116,124,52,19,8711090,1.3,1.4,0.6,0.2,59.5
34,New Jersey,2009,19,14,0,0,8755602,0.2,0.2,0.0,0.0,59.9
34,New Jersey,2010,97,173,47,35,8791894,1.1,2.0,0.5,0.4,61.0
34,New Jersey,2011,131,220,61,31,8821155,1.5,2.5,0.7,0.4,61.5
34,New Jersey,2012,304,217,68,38,8864590,3.4,2.4,0.8,0.4,60.1
34,New Jersey,2013,383,231,67,57,8899339,4.3,2.6,0.8,0.6,58.3
34,New Jersey,2014,424,245,50,111,8938175,4.7,2.7,0.6,1.2,57.2
34,New Jersey,2015,508,237,55,243,8958013,5.7,2.6,0.6,2.7,56.0
34,New Jersey,2016,850,346,84,689,8944469,9.5,3.9,0.9,7.7,52.6
34,New Jersey,2017,1085,424,82,1376,9005644,12.0,4.7,0.9,15.3,44.2
35,New Mexico,1999,23,113,32,26,1808082,1.3,6.2,1.8,1.4,
35,New Mexico,2000,40,100,24,20,1819046,2.2,5.5,1.3,1.1,
35,New Mexico,2001,22,84,27,16,1831690,1.2,4.6,1.5,0.9,
35,New Mexico,2002,23,135,32,17,1855309,1.2,7.3,1.7,0.9,
35,New Mexico,2003,25,144,33,23,1877574,1.3,7.7,1.8,1.2,
35,New Mexico,2004,33,98,43,15,1903808,1.7,5.1,2.3,0.8,
35,New Mexico,2005,45,130,28,12,1932274,2.3,6.7,1.4,0.6,
35,New Mexico,2006,21,165,56,24,1962137,1.1,8.4,2.9,1.2,61.8
35,New Mexico,2007,28,175,52,19,1990070,1.4,8.8,2.6,1.0,69.0
35,New Mexico,2008,65,204,52,22,2010662,3.2,10.1,2.6,1.1,71.4
35,New Mexico,2009,48,119,21,24,2036802,2.4,5.8,1.0,1.2,75.3
35,New Mexico,2010,21,114,29,20,2059179,1.0,5.5,1.4,1.0,81.9
35,New Mexico,2011,68,127,31,20,2082224,3.3,6.1,1.5,1.0,81.6
35,New Mexico,2012,104,179,35,37,2085538,5.0,8.6,1.7,1.8,76.8
35,New Mexico,2013,89,209,28,23,2085287,4.3,10.0,1.3,1.1,71.4
35,New Mexico,2014,139,223,45,66,2085572,6.7,10.7,2.2,3.2,71.5
35,New Mexico,2015,156,160,33,42,2085109,7.5,7.7,1.6,2.0,69.8
35,New Mexico,2016,161,153,41,78,2081015,7.7,7.4,2.0,3.7,65.1
35,New Mexico,2017,144,144,33,75,2088070,6.9,6.9,1.6,3.6,56.4
36,New York,1999,41,48,120,18,18882725,0.2,0.3,0.6,0.1,
36,New York,2000,27,34,94,16,18976457,0.1,0.2,0.5,0.1,
36,New York,2001,57,68,126,31,19082838,0.3,0.4,0.7,0.2,
36,New York,2002,50,45,135,27,19137800,0.3,0.2,0.7,0.1,
36,New York,2003,49,65,147,29,19175939,0.3,0.3,0.8,0.2,
36,New York,2004,33,82,137,16,19171567,0.2,0.4,0.7,0.1,
36,New York,2005,34,100,179,20,19132610,0.2,0.5,0.9,0.1,
36,New York,2006,111,281,310,137,19104631,0.6,1.5,1.6,0.7,44.2
36,New York,2007,195,394,295,113,19132335,1.0,2.1,1.5,0.6,46.1
36,New York,2008,219,466,277,121,19212436,1.1,2.4,1.4,0.6,48.4
36,New York,2009,251,455,238,177,19307066,1.3,2.4,1.2,0.9,49.5
36,New York,2010,193,526,263,173,19378102,1.0,2.7,1.4,0.9,51.0
36,New York,2011,334,621,301,155,19465197,1.7,3.2,1.5,0.8,51.1
36,New York,2012,516,616,328,164,19570261,2.6,3.1,1.7,0.8,51.8
36,New York,2013,666,644,274,210,19651127,3.4,3.3,1.4,1.1,46.7
36,New York,2014,825,608,231,294,19746227,4.2,3.1,1.2,1.5,43.9
36,New York,2015,1058,705,246,668,19795791,5.3,3.6,1.2,3.4,45.1
36,New York,2016,1307,892,289,1641,19745289,6.6,4.5,1.5,8.3,42.7
36,New York,2017,1356,821,283,2238,19849399,6.8,4.1,1.4,11.3,37.8
37,North Carolina,1999,43,52,47,27,7949361,0.5,0.7,0.6,0.3,
37,North Carolina,2000,41,114,89,49,8049313,0.5,1.4,1.1,0.6,
37,North Carolina,2001,50,148,107,58,8210122,0.6,1.8,1.3,0.7,
37,North Carolina,2002,47,134,190,50,8326201,0.6,1.6,2.3,0.6,
37,North Carolina,2003,52,139,249,71,8422501,0.6,1.7,3.0,0.8,
37,North Carolina,2004,49,163,267,109,8553152,0.6,1.9,3.1,1.3,
37,North Carolina,2005,62,215,299,115,8705407,0.7,2.5,3.4,1.3,
37,North Carolina,2006,57,245,337,105,8917270,0.6,2.7,3.8,1.2,85.2
37,North Carolina,2007,50,304,333,112,9118037,0.5,3.3,3.7,1.2,87.5
37,North Carolina,2008,64,409,301,127,9309449,0.7,4.4,3.2,1.4,88.6
37,North Carolina,2009,76,426,249,169,9449566,0.8,4.5,2.6,1.8,89.3
37,North Carolina,2010,39,428,190,170,9535483,0.4,4.5,2.0,1.8,93.1
37,North Carolina,2011,82,439,204,155,9656401,0.8,4.5,2.1,1.6,93.5
37,North Carolina,2012,152,410,184,141,9752073,1.6,4.2,1.9,1.4,98.6
37,North Carolina,2013,189,397,164,116,9848060,1.9,4.0,1.7,1.2,96.7
37,North Carolina,2014,266,462,131,217,9943964,2.7,4.6,1.3,2.2,93.7
37,North Carolina,2015,393,554,108,300,10042802,3.9,5.5,1.1,3.0,88.4
37,North Carolina,2016,544,611,118,601,10146788,5.4,6.0,1.2,5.9,82.5
37,North Carolina,2017,537,573,103,1285,10273419,5.2,5.6,1.0,12.5,72.0
38,North Dakota,1999,0,0,0,0,644259,0.0,0.0,0.0,0.0,
38,North Dakota,2000,0,0,0,0,642200,0.0,0.0,0.0,0.0,
38,North Dakota,2001,0,0,0,0,639062,0.0,0.0,0.0,0.0,
38,North Dakota,2002,0,0,0,0,638168,0.0,0.0,0.0,0.0,
38,North Dakota,2003,0,0,0,0,638817,0.0,0.0,0.0,0.0,
38,North Dakota,2004,0,0,0,0,644705,0.0,0.0,0.0,0.0,
38,North Dakota,2005,0,0,0,0,646089,0.0,0.0,0.0,0.0,
38,North Dakota,2006,0,0,0,0,649422,0.0,0.0,0.0,0.0,56.0
38,North Dakota,2007,0,0,0,0,652822,0.0,0.0,0.0,0.0,59.3
38,North Dakota,2008,0,13,0,0,657569,0.0,2.0,0.0,0.0,61.7
38,North Dakota,2009,0,0,0,0,664968,0.0,0.0,0.0,0.0,60.3
38,North Dakota,2010,0,12,0,0,672591,0.0,1.8,0.0,0.0,63.0
38,North Dakota,2011,0,0,0,0,683932,0.0,0.0,0.0,0.0,61.3
38,North Dakota,2012,0,0,0,0,699628,0.0,0.0,0.0,0.0,62.1
38,North Dakota,2013,0,0,0,0,723393,0.0,0.0,0.0,0.0,60.1
38,North Dakota,2014,0,17,0,10,739482,0.0,2.3,0.0,1.4,58.1
38,North Dakota,2015,0,15,0,0,756927,0.0,2.0,0.0,0.0,53.0
38,North Dakota,2016,12,17,0,15,757952,1.6,2.2,0.0,2.0,47.8
38,North Dakota,2017,0,18,0,12,755393,0.0,2.4,0.0,1.6,41.5
39,Ohio,1999,53,74,0,24,11335454,0.5,0.7,0.0,0.2,
39,Ohio,2000,76,107,20,33,11353140,0.7,0.9,0.2,0.3,
39,Ohio,2001,86,144,37,55,11387404,0.8,1.3,0.3,0.5,
39,Ohio,2002,118,188,59,58,11407889,1.0,1.6,0.5,0.5,
39,Ohio,2003,91,160,74,43,11434788,0.8,1.4,0.6,0.4,
39,Ohio,2004,129,184,141,78,11452251,1.1,1.6,1.2,0.7,
39,Ohio,2005,134,206,158,102,11463320,1.2,1.8,1.4,0.9,
39,Ohio,2006,124,250,173,128,11481213,1.1,2.2,1.5,1.1,87.7
39,Ohio,2007,156,284,194,109,11500468,1.4,2.5,1.7,0.9,92.7
39,Ohio,2008,238,330,182,107,11515391,2.1,2.9,1.6,0.9,97.5
39,Ohio,2009,214,289,122,91,11528896,1.9,2.5,1.1,0.8,100.4
39,Ohio,2010,355,516,175,175,11536504,3.1,4.5,1.5,1.5,102.4
39,Ohio,2011,438,582,163,162,11544951,3.8,5.0,1.4,1.4,101.5
39,Ohio,2012,696,499,136,139,11544225,6.0,4.3,1.2,1.2,97.5
39,Ohio,2013,998,518,116,167,11570808,8.6,4.5,1.0,1.4,93.1
39,Ohio,2014,1208,618,107,590,11594163,10.4,5.3,0.9,5.1,89.5
39,Ohio,2015,1444,690,109,1234,11613423,12.4,5.9,0.9,10.6,82.7
39,Ohio,2016,1478,785,96,2296,11614373,12.7,6.8,0.8,19.8,75.3
39,Ohio,2017,1000,854,106,3523,11658609,8.6,7.3,0.9,30.2,63.5
40,Oklahoma,1999,0,50,20,24,3437147,0.0,1.5,0.6,0.7,
40,Oklahoma,2000,12,68,38,26,3450654,0.3,2.0,1.1,0.8,
40,Oklahoma,2001,0,94,42,20,3467100,0.0,2.7,1.2,0.6,
40,Oklahoma,2002,0,81,43,23,3489080,0.0,2.3,1.2,0.7,
40,Oklahoma,2003,0,141,92,44,3504892,0.0,4.0,2.6,1.3,
40,Oklahoma,2004,0,145,128,46,3525233,0.0,4.1,3.6,1.3,
40,Oklahoma,2005,0,170,111,54,3548597,0.0,4.8,3.1,1.5,
40,Oklahoma,2006,0,208,151,45,3594090,0.0,5.8,4.2,1.3,108.7
40,Oklahoma,2007,0,284,181,67,3634349,0.0,7.8,5.0,1.8,114.4
40,Oklahoma,2008,0,249,114,70,3668976,0.0,6.8,3.1,1.9,111.3
40,Oklahoma,2009,17,343,112,160,3717572,0.5,9.2,3.0,4.3,115.0
40,Oklahoma,2010,0,341,100,107,3751351,0.0,9.1,2.7,2.9,119.6
40,Oklahoma,2011,14,349,75,83,3791508,0.4,9.2,2.0,2.2,122.3
40,Oklahoma,2012,26,380,77,107,3814820,0.7,10.0,2.0,2.8,127.4
40,Oklahoma,2013,22,375,68,88,3850568,0.6,9.7,1.8,2.3,123.3
40,Oklahoma,2014,26,370,67,73,3878051,0.7,9.5,1.7,1.9,110.9
40,Oklahoma,2015,36,277,62,93,3911338,0.9,7.1,1.6,2.4,104.4
40,Oklahoma,2016,53,285,46,98,3923561,1.4,7.3,1.2,2.5,97.9
40,Oklahoma,2017,61,226,31,102,3930864,1.6,5.7,0.8,2.6,88.1
41,Oregon,1999,65,26,0,0,3393941,1.9,0.8,0.0,0.0,
41,Oregon,2000,31,26,27,0,3421399,0.9,0.8,0.8,0.0,
41,Oregon,2001,36,41,45,15,3467937,1.0,1.2,1.3,0.4,
41,Oregon,2002,42,50,82,11,3513424,1.2,1.4,2.3,0.3,
41,Oregon,2003,34,80,88,11,3547376,1.0,2.3,2.5,0.3,
41,Oregon,2004,47,66,99,13,3569463,1.3,1.8,2.8,0.4,
41,Oregon,2005,39,80,123,22,3613202,1.1,2.2,3.4,0.6,
41,Oregon,2006,60,122,145,27,3670883,1.6,3.3,4.0,0.7,91.0
41,Oregon,2007,110,94,138,18,3722417,3.0,2.5,3.7,0.5,95.5
41,Oregon,2008,93,92,134,22,3768748,2.5,2.4,3.6,0.6,99.1
41,Oregon,2009,117,127,114,30,3808600,3.1,3.3,3.0,0.8,99.3
41,Oregon,2010,81,135,105,27,3831074,2.1,3.5,2.7,0.7,101.2
41,Oregon,2011,133,159,98,29,3871859,3.4,4.1,2.5,0.7,100.7
41,Oregon,2012,129,145,84,31,3899353,3.3,3.7,2.2,0.8,98.7
41,Oregon,2013,103,119,66,27,3930065,2.6,3.0,1.7,0.7,94.2
41,Oregon,2014,124,137,59,33,3970239,3.1,3.5,1.5,0.8,91.9
41,Oregon,2015,102,150,70,34,4028977,2.5,3.7,1.7,0.8,84.2
41,Oregon,2016,114,128,46,43,4093465,2.8,3.1,1.1,1.1,76.3
41,Oregon,2017,124,124,38,85,4142776,3.0,3.0,0.9,2.1,66.1
42,Pennsylvania,1999,182,79,11,24,12263805,1.5,0.6,0.1,0.2,
42,Pennsylvania,2000,145,97,18,32,12281054,1.2,0.8,0.1,0.3,
42,Pennsylvania,2001,119,70,15,28,12298970,1.0,0.6,0.1,0.2,
42,Pennsylvania,2002,137,94,39,42,12331031,1.1,0.8,0.3,0.3,
42,Pennsylvania,2003,165,131,73,68,12374658,1.3,1.1,0.6,0.5,
42,Pennsylvania,2004,131,154,93,86,12410722,1.1,1.2,0.7,0.7,
42,Pennsylvania,2005,138,157,114,72,12449990,1.1,1.3,0.9,0.6,
42,Pennsylvania,2006,94,140,98,93,12510809,0.8,1.1,0.8,0.7,69.5
42,Pennsylvania,2007,86,214,124,83,12563937,0.7,1.7,1.0,0.7,73.7
42,Pennsylvania,2008,158,260,111,99,12612285,1.3,2.1,0.9,0.8,76.5
42,Pennsylvania,2009,175,292,103,105,12666858,1.4,2.3,0.8,0.8,78.1
42,Pennsylvania,2010,131,328,110,98,12702379,1.0,2.6,0.9,0.8,81.0
42,Pennsylvania,2011,240,325,86,111,12742886,1.9,2.6,0.7,0.9,81.7
42,Pennsylvania,2012,323,358,87,99,12763536,2.5,2.8,0.7,0.8,83.3
42,Pennsylvania,2013,409,406,82,108,12773801,3.2,3.2,0.6,0.8,81.6
42,Pennsylvania,2014,503,411,81,217,12787209,3.9,3.2,0.6,1.7,79.9
42,Pennsylvania,2015,663,460,89,429,12802503,5.2,3.6,0.7,3.4,75.5
42,Pennsylvania,2016,926,634,113,1309,12784227,7.2,5.0,0.9,10.2,69.5
42,Pennsylvania,2017,819,564,64,1982,12805537,6.4,4.4,0.5,15.5,57.7
44,Rhode Island,1999,0,0,0,0,1040402,0.0,0.0,0.0,0.0,
44,Rhode Island,2000,0,0,0,0,1048319,0.0,0.0,0.0,0.0,
44,Rhode Island,2001,0,17,0,0,1057142,0.0,1.6,0.0,0.0,
44,Rhode Island,2002,0,0,16,0,1065995,0.0,0.0,1.5,0.0,
44,Rhode Island,2003,0,14,20,0,1071342,0.0,1.3,1.9,0.0,
44,Rhode Island,2004,0,19,13,10,1074579,0.0,1.8,1.2,0.9,
44,Rhode Island,2005,0,24,25,10,1067916,0.0,2.2,2.3,0.9,
44,Rhode Island,2006,10,33,45,0,1063096,0.9,3.1,4.2,0.0,78.7
44,Rhode Island,2007,0,17,29,0,1057315,0.0,1.6,2.7,0.0,82.2
44,Rhode Island,2008,0,29,28,13,1055003,0.0,2.7,2.7,1.2,82.9
44,Rhode Island,2009,0,26,40,11,1053646,0.0,2.5,3.8,1.0,82.5
44,Rhode Island,2010,0,45,25,12,1052567,0.0,4.3,2.4,1.1,82.7
44,Rhode Island,2011,12,62,29,0,1051302,1.1,5.9,2.8,0.0,82.5
44,Rhode Island,2012,30,72,28,12,1050292,2.9,6.9,2.7,1.1,83.2
44,Rhode Island,2013,65,80,28,32,1051511,6.2,7.6,2.7,3.0,76.9
44,Rhode Island,2014,66,70,24,82,1055173,6.3,6.6,2.3,7.8,72.8
44,Rhode Island,2015,45,95,30,137,1056298,4.3,9.0,2.8,13.0,65.7
44,Rhode Island,2016,25,89,29,182,1056426,2.4,8.4,2.7,17.2,60.3
44,Rhode Island,2017,14,74,30,201,1059639,1.3,7.0,2.8,19.0,51.2
45,South Carolina,1999,0,23,14,0,3974682,0.0,0.6,0.4,0.0,
45,South Carolina,2000,11,41,13,19,4012012,0.3,1.0,0.3,0.5,
45,South Carolina,2001,0,55,15,0,4064995,0.0,1.4,0.4,0.0,
45,South Carolina,2002,0,37,11,22,4107795,0.0,0.9,0.3,0.5,
45,South Carolina,2003,0,54,20,19,4150297,0.0,1.3,0.5,0.5,
45,South Carolina,2004,0,59,40,32,4210921,0.0,1.4,0.9,0.8,
45,South Carolina,2005,0,59,59,30,4270150,0.0,1.4,1.4,0.7,
45,South Carolina,2006,0,115,69,41,4357847,0.0,2.6,1.6,0.9,90.4
45,South Carolina,2007,0,112,59,35,4444110,0.0,2.5,1.3,0.8,91.7
45,South Carolina,2008,11,120,58,41,4528996,0.2,2.6,1.3,0.9,94.1
45,South Carolina,2009,19,126,58,56,4589872,0.4,2.7,1.3,1.2,95.8
45,South Carolina,2010,15,146,73,58,4625364,0.3,3.2,1.6,1.3,98.6
45,South Carolina,2011,12,144,61,47,4679230,0.3,3.1,1.3,1.0,96.8
45,South Carolina,2012,19,148,37,46,4723723,0.4,3.1,0.8,1.0,104.0
45,South Carolina,2013,32,144,50,50,4774839,0.7,3.0,1.0,1.0,103.0
45,South Carolina,2014,64,319,77,110,4832482,1.3,6.6,1.6,2.3,101.3
45,South Carolina,2015,100,322,57,161,4896146,2.0,6.6,1.2,3.3,95.1
45,South Carolina,2016,115,342,56,237,4961119,2.3,6.9,1.1,4.8,89.4
45,South Carolina,2017,153,312,45,404,5024369,3.0,6.2,0.9,8.0,79.3
46,South Dakota,1999,0,0,0,0,750412,0.0,0.0,0.0,0.0,
46,South Dakota,2000,0,0,0,0,754844,0.0,0.0,0.0,0.0,
46,South Dakota,2001,0,0,0,0,757972,0.0,0.0,0.0,0.0,
46,South Dakota,2002,0,0,0,0,760020,0.0,0.0,0.0,0.0,
46,South Dakota,2003,0,0,0,0,763729,0.0,0.0,0.0,0.0,
46,South Dakota,2004,0,0,0,0,770396,0.0,0.0,0.0,0.0,
46,South Dakota,2005,0,14,0,0,775493,0.0,1.8,0.0,0.0,
46,South Dakota,2006,0,18,0,0,783033,0.0,2.3,0.0,0.0,50.0
46,South Dakota,2007,0,11,0,0,791623,0.0,1.4,0.0,0.0,49.9
46,South Dakota,2008,0,15,0,0,799124,0.0,1.9,0.0,0.0,52.1
46,South Dakota,2009,0,19,0,12,807067,0.0,2.4,0.0,1.5,52.3
46,South Dakota,2010,0,20,0,0,814180,0.0,2.5,0.0,0.0,54.0
46,South Dakota,2011,0,21,0,0,824082,0.0,2.5,0.0,0.0,55.1
46,South Dakota,2012,0,17,0,0,833354,0.0,2.0,0.0,0.0,60.1
46,South Dakota,2013,0,27,0,0,844877,0.0,3.2,0.0,0.0,60.6
46,South Dakota,2014,0,20,0,0,853175,0.0,2.3,0.0,0.0,61.7
46,South Dakota,2015,0,10,0,0,858469,0.0,1.2,0.0,0.0,59.1
46,South Dakota,2016,0,25,0,10,865454,0.0,2.9,0.0,1.2,54.8
46,South Dakota,2017,0,14,0,14,869666,0.0,1.6,0.0,1.6,49.0
47,Tennessee,1999,11,44,12,17,5638706,0.2,0.8,0.2,0.3,
47,Tennessee,2000,0,55,15,16,5689283,0.0,1.0,0.3,0.3,
47,Tennessee,2001,0,86,19,10,5750789,0.0,1.5,0.3,0.2,
47,Tennessee,2002,0,80,44,21,5795918,0.0,1.4,0.8,0.4,
47,Tennessee,2003,0,142,78,64,5847812,0.0,2.4,1.3,1.1,
47,Tennessee,2004,0,184,110,74,5910809,0.0,3.1,1.9,1.3,
47,Tennessee,2005,12,223,134,79,5991057,0.2,3.7,2.2,1.3,
47,Tennessee,2006,0,221,183,64,6088766,0.0,3.6,3.0,1.1,124.8
47,Tennessee,2007,0,236,159,84,6175727,0.0,3.8,2.6,1.4,128.8
47,Tennessee,2008,0,266,118,98,6247411,0.0,4.3,1.9,1.6,132.9
47,Tennessee,2009,21,342,104,75,6306019,0.3,5.4,1.6,1.2,138.4
47,Tennessee,2010,17,422,127,72,6346105,0.3,6.6,2.0,1.1,140.0
47,Tennessee,2011,19,451,87,64,6403353,0.3,7.0,1.4,1.0,138.5
47,Tennessee,2012,50,491,104,77,6456243,0.8,7.6,1.6,1.2,136.1
47,Tennessee,2013,68,524,86,99,6495978,1.0,8.1,1.3,1.5,127.1
47,Tennessee,2014,148,554,71,132,6549352,2.3,8.5,1.1,2.0,121.3
47,Tennessee,2015,205,643,67,251,6600299,3.1,9.7,1.0,3.8,114.9
47,Tennessee,2016,260,679,83,395,6651194,3.9,10.2,1.2,5.9,107.5
47,Tennessee,2017,311,592,69,590,6715984,4.6,8.8,1.0,8.8,94.4
48,Texas,1999,107,118,24,49,20558220,0.5,0.6,0.1,0.2,
48,Texas,2000,111,151,50,46,20851820,0.5,0.7,0.2,0.2,
48,Texas,2001,179,214,89,77,21319622,0.8,1.0,0.4,0.4,
48,Texas,2002,178,307,136,117,21690325,0.8,1.4,0.6,0.5,
48,Texas,2003,188,360,155,76,22030931,0.9,1.6,0.7,0.3,
48,Texas,2004,201,359,160,94,22394023,0.9,1.6,0.7,0.4,
48,Texas,2005,203,401,199,86,22778123,0.9,1.8,0.9,0.4,
48,Texas,2006,212,564,223,111,23359580,0.9,2.4,1.0,0.5,66.8
48,Texas,2007,214,515,195,118,23831983,0.9,2.2,0.8,0.5,71.2
48,Texas,2008,250,440,173,86,24309039,1.0,1.8,0.7,0.4,71.3
48,Texas,2009,305,534,177,166,24801761,1.2,2.2,0.7,0.7,71.8
48,Texas,2010,260,540,180,156,25145561,1.0,2.1,0.7,0.6,73.0
48,Texas,2011,368,521,179,114,25674681,1.4,2.0,0.7,0.4,72.0
48,Texas,2012,367,480,142,121,26059203,1.4,1.8,0.5,0.5,73.4
48,Texas,2013,369,452,128,112,26448193,1.4,1.7,0.5,0.4,70.0
48,Texas,2014,425,471,116,157,26956958,1.6,1.7,0.4,0.6,67.0
48,Texas,2015,523,473,144,186,27469114,1.9,1.7,0.5,0.7,59.8
48,Texas,2016,530,501,139,250,27862596,1.9,1.8,0.5,0.9,57.6
48,Texas,2017,569,535,129,348,28304596,2.0,1.9,0.5,1.2,53.1
49,Utah,1999,55,95,20,0,2203482,2.5,4.3,0.9,0.0,
49,Utah,2000,46,107,27,11,2233169,2.1,4.8,1.2,0.5,
49,Utah,2001,39,98,39,0,2283715,1.7,4.3,1.7,0.0,
49,Utah,2002,26,122,61,13,2324815,1.1,5.2,2.6,0.6,
49,Utah,2003,31,157,80,23,2360137,1.3,6.7,3.4,1.0,
49,Utah,2004,22,148,101,13,2401580,0.9,6.2,4.2,0.5,
49,Utah,2005,44,181,112,38,2457719,1.8,7.4,4.6,1.5,
49,Utah,2006,46,192,109,38,2525507,1.8,7.6,4.3,1.5,87.0
49,Utah,2007,51,238,87,33,2597746,2.0,9.2,3.3,1.3,89.8
49,Utah,2008,68,227,99,26,2663029,2.6,8.5,3.7,1.0,91.3
49,Utah,2009,54,254,66,59,2723421,2.0,9.3,2.4,2.2,86.9
49,Utah,2010,55,222,62,50,2763885,2.0,8.0,2.2,1.8,86.6
49,Utah,2011,73,280,75,56,2817222,2.6,9.9,2.7,2.0,85.2
49,Utah,2012,84,328,53,59,2855287,2.9,11.5,1.9,2.1,84.5
49,Utah,2013,122,358,59,58,2900872,4.2,12.3,2.0,2.0,82.1
49,Utah,2014,110,367,47,68,2942902,3.7,12.5,1.6,2.3,78.8
49,Utah,2015,127,357,45,62,2995919,4.2,11.9,1.5,2.1,74.4
49,Utah,2016,166,322,40,72,3051217,5.4,10.6,1.3,2.4,70.4
49,Utah,2017,147,290,46,92,3101833,4.7,9.3,1.5,3.0,63.8
50,Vermont,1999,0,0,0,0,604683,0.0,0.0,0.0,0.0,
50,Vermont,2000,0,15,0,0,608827,0.0,2.5,0.0,0.0,
50,Vermont,2001,0,18,0,0,612223,0.0,2.9,0.0,0.0,
50,Vermont,2002,0,19,0,0,615442,0.0,3.1,0.0,0.0,
50,Vermont,2003,0,30,11,10,617858,0.0,4.9,1.8,1.6,
50,Vermont,2004,0,24,0,11,619920,0.0,3.9,0.0,1.8,
50,Vermont,2005,0,17,16,0,621215,0.0,2.7,2.6,0.0,
50,Vermont,2006,0,24,27,15,622892,0.0,3.9,4.3,2.4,56.9
50,Vermont,2007,0,28,17,15,623481,0.0,4.5,2.7,2.4,56.0
50,Vermont,2008,0,32,17,14,624151,0.0,5.1,2.7,2.2,56.5
50,Vermont,2009,0,23,13,0,624817,0.0,3.7,2.1,0.0,54.5
50,Vermont,2010,0,27,0,0,625741,0.0,4.3,0.0,0.0,54.1
50,Vermont,2011,0,30,13,12,626431,0.0,4.8,2.1,1.9,53.6
50,Vermont,2012,10,27,17,0,626011,1.6,4.3,2.7,0.0,54.6
50,Vermont,2013,20,37,14,17,626630,3.2,5.9,2.2,2.7,52.2
50,Vermont,2014,33,21,0,21,626562,5.3,3.4,0.0,3.4,50.4
50,Vermont,2015,33,25,0,33,626042,5.3,4.0,0.0,5.3,60.1
50,Vermont,2016,45,23,13,53,624594,7.2,3.7,2.1,8.5,58.6
50,Vermont,2017,41,27,14,77,623657,6.6,4.3,2.2,12.3,50.5
51,Virginia,1999,65,108,20,21,7000174,0.9,1.5,0.3,0.3,
51,Virginia,2000,64,104,37,26,7078515,0.9,1.5,0.5,0.4,
51,Virginia,2001,89,140,74,31,7198362,1.2,1.9,1.0,0.4,
51,Virginia,2002,89,143,90,49,7286873,1.2,2.0,1.2,0.7,
51,Virginia,2003,90,144,112,44,7366977,1.2,2.0,1.5,0.6,
51,Virginia,2004,67,179,114,62,7475575,0.9,2.4,1.5,0.8,
51,Virginia,2005,61,156,121,42,7577105,0.8,2.1,1.6,0.6,
51,Virginia,2006,71,168,113,63,7673725,0.9,2.2,1.5,0.8,67.2
51,Virginia,2007,95,216,142,68,7751000,1.2,2.8,1.8,0.9,70.1
51,Virginia,2008,87,216,139,89,7833496,1.1,2.8,1.8,1.1,73.0
51,Virginia,2009,104,209,126,80,7925937,1.3,2.6,1.6,1.0,74.1
51,Virginia,2010,45,196,108,87,8001024,0.6,2.4,1.3,1.1,75.5
51,Virginia,2011,103,319,156,77,8096604,1.3,3.9,1.9,1.0,76.6
51,Virginia,2012,121,276,104,89,8185867,1.5,3.4,1.3,1.1,79.6
51,Virginia,2013,206,297,96,125,8260405,2.5,3.6,1.2,1.5,76.6
51,Virginia,2014,253,323,105,176,8326289,3.0,3.9,1.3,2.1,73.5
51,Virginia,2015,353,276,67,270,8382993,4.2,3.3,0.8,3.2,68.1
51,Virginia,2016,450,343,77,648,8411808,5.3,4.1,0.9,7.7,63.4
51,Virginia,2017,556,336,83,829,8470020,6.6,4.0,1.0,9.8,52.9
53,Washington,1999,57,97,52,23,5842564,1.0,1.7,0.9,0.4,
53,Washington,2000,56,94,66,23,5894121,1.0,1.6,1.1,0.4,
53,Washington,2001,46,122,83,27,5985722,0.8,2.0,1.4,0.5,
53,Washington,2002,70,137,140,47,6052349,1.2,2.3,2.3,0.8,
53,Washington,2003,63,160,160,33,6104115,1.0,2.6,2.6,0.5,
53,Washington,2004,57,210,252,42,6178645,0.9,3.4,4.1,0.7,
53,Washington,2005,54,232,269,54,6257305,0.9,3.7,4.3,0.9,
53,Washington,2006,54,263,337,51,6370753,0.8,4.1,5.3,0.8,80.8
53,Washington,2007,75,276,277,37,6461587,1.2,4.3,4.3,0.6,84.4
53,Washington,2008,67,302,290,53,6562231,1.0,4.6,4.4,0.8,86.6
53,Washington,2009,67,329,262,71,6667426,1.0,4.9,3.9,1.1,86.1
53,Washington,2010,60,293,229,65,6724540,0.9,4.4,3.4,1.0,85.0
53,Washington,2011,148,325,236,53,6830038,2.2,4.8,3.5,0.8,81.6
53,Washington,2012,177,332,180,59,6897012,2.6,4.8,2.6,0.9,78.7
53,Washington,2013,205,269,156,59,6971406,2.9,3.9,2.2,0.8,75.2
53,Washington,2014,289,288,115,62,7061530,4.1,4.1,1.6,0.9,74.2
53,Washington,2015,303,261,111,65,7170351,4.2,3.6,1.5,0.9,69.8
53,Washington,2016,283,292,122,93,7288000,3.9,4.0,1.7,1.3,64.9
53,Washington,2017,306,250,119,143,7405743,4.1,3.4,1.6,1.9,57.2
54,West Virginia,1999,0,0,0,12,1811799,0.0,0.0,0.0,0.7,
54,West Virginia,2000,0,23,0,0,1808344,0.0,1.3,0.0,0.0,
54,West Virginia,2001,0,72,38,37,1801481,0.0,4.0,2.1,2.1,
54,West Virginia,2002,0,88,75,39,1805414,0.0,4.9,4.2,2.2,
54,West Virginia,2003,0,116,68,43,1812295,0.0,6.4,3.8,2.4,
54,West Virginia,2004,10,114,105,67,1816438,0.6,6.3,5.8,3.7,
54,West Virginia,2005,0,54,60,42,1820492,0.0,3.0,3.3,2.3,
54,West Virginia,2006,0,155,104,50,1827912,0.0,8.5,5.7,2.7,129.9
54,West Virginia,2007,21,177,93,80,1834052,1.1,9.7,5.1,4.4,135.1
54,West Virginia,2008,36,218,86,87,1840310,2.0,11.8,4.7,4.7,145.5
54,West Virginia,2009,19,99,41,42,1847775,1.0,5.4,2.2,2.3,146.9
54,West Virginia,2010,28,342,69,102,1852994,1.5,18.5,3.7,5.5,143.1
54,West Virginia,2011,34,442,59,99,1855364,1.8,23.8,3.2,5.3,139.6
54,West Virginia,2012,63,348,67,89,1855413,3.4,18.8,3.6,4.8,136.9
54,West Virginia,2013,144,341,54,98,1854304,7.8,18.4,2.9,5.3,129.0
54,West Virginia,2014,163,363,35,122,1850326,8.8,19.6,1.9,6.6,126.4
54,West Virginia,2015,194,356,29,217,1844128,10.5,19.3,1.6,11.8,111.3
54,West Virginia,2016,235,322,27,435,1831102,12.8,17.6,1.5,23.8,96.0
54,West Virginia,2017,244,279,35,618,1815857,13.4,15.4,1.9,34.0,81.3
55,Wisconsin,1999,16,40,11,16,5332666,0.3,0.8,0.2,0.3,
55,Wisconsin,2000,29,49,18,23,5363675,0.5,0.9,0.3,0.4,
55,Wisconsin,2001,24,67,21,24,5406835,0.4,1.2,0.4,0.4,
55,Wisconsin,2002,27,95,39,26,5445162,0.5,1.7,0.7,0.5,
55,Wisconsin,2003,26,104,41,42,5479203,0.5,1.9,0.7,0.8,
55,Wisconsin,2004,22,106,72,42,5514026,0.4,1.9,1.3,0.8,
55,Wisconsin,2005,31,135,72,53,5546166,0.6,2.4,1.3,1.0,
55,Wisconsin,2006,28,159,116,56,5577655,0.5,2.9,2.1,1.0,64.7
55,Wisconsin,2007,34,180,140,55,5610775,0.6,3.2,2.5,1.0,69.2
55,Wisconsin,2008,67,176,119,53,5640996,1.2,3.1,2.1,0.9,70.6
55,Wisconsin,2009,75,191,94,76,5669264,1.3,3.4,1.7,1.3,71.9
55,Wisconsin,2010,92,228,85,66,5686986,1.6,4.0,1.5,1.2,74.4
55,Wisconsin,2011,135,232,78,60,5711767,2.4,4.1,1.4,1.1,75.2
55,Wisconsin,2012,185,229,62,56,5726398,3.2,4.0,1.1,1.0,76.8
55,Wisconsin,2013,232,277,76,81,5742713,4.0,4.8,1.3,1.4,73.8
55,Wisconsin,2014,270,279,78,90,5757564,4.7,4.8,1.4,1.6,71.9
55,Wisconsin,2015,287,249,73,112,5771337,5.0,4.3,1.3,1.9,67.5
55,Wisconsin,2016,389,328,67,288,5778708,6.7,5.7,1.2,5.0,62.2
55,Wisconsin,2017,414,318,58,466,5795483,7.1,5.5,1.0,8.0,52.6
56,Wyoming,1999,0,0,0,0,491780,0.0,0.0,0.0,0.0,
56,Wyoming,2000,0,0,0,0,493782,0.0,0.0,0.0,0.0,
56,Wyoming,2001,0,0,0,0,494657,0.0,0.0,0.0,0.0,
56,Wyoming,2002,0,10,0,0,500017,0.0,2.0,0.0,0.0,
56,Wyoming,2003,0,0,0,0,503453,0.0,0.0,0.0,0.0,
56,Wyoming,2004,0,0,0,0,509106,0.0,0.0,0.0,0.0,
56,Wyoming,2005,0,0,0,0,514157,0.0,0.0,0.0,0.0,
56,Wyoming,2006,0,0,0,0,522667,0.0,0.0,0.0,0.0,79.9
56,Wyoming,2007,0,0,0,0,534876,0.0,0.0,0.0,0.0,80.8
56,Wyoming,2008,0,19,0,11,546043,0.0,3.5,0.0,2.0,81.0
56,Wyoming,2009,0,15,10,0,559851,0.0,2.7,1.8,0.0,81.0
56,Wyoming,2010,0,31,0,0,563626,0.0,5.5,0.0,0.0,80.4
56,Wyoming,2011,0,28,0,0,568158,0.0,4.9,0.0,0.0,78.2
56,Wyoming,2012,0,26,0,0,576412,0.0,4.5,0.0,0.0,80.5
56,Wyoming,2013,0,33,0,0,582658,0.0,5.7,0.0,0.0,81.5
56,Wyoming,2014,10,28,0,12,584153,1.7,4.8,0.0,2.1,80.9
56,Wyoming,2015,0,28,0,0,586107,0.0,4.8,0.0,0.0,75.4
56,Wyoming,2016,0,26,0,0,585501,0.0,4.4,0.0,0.0,71.1
56,Wyoming,2017,0,30,0,17,579315,0.0,5.2,0.0,2.9,64.8
